<?xml version="1.0" encoding="UTF-8"?><metadata>
    <idinfo>
        <citation>
            <citeinfo>
                <origin/>
                <pubdate>20220603</pubdate>
                <title>Bus Network Redesign Draft Bus Routes</title>
                <geoform>vector digital data</geoform>
            </citeinfo>
        </citation>
        <descript>
            <abstract>These routes represent the draft Bus Network Redesign proposal released on May 16th, 2022. More information about the project, an interactive map of routes, and opportunities for feedback can be found at: https://www.mbta.com/projects/bus-network-redesign/update/bus-network-redesign-proposal</abstract>
        </descript>
        <status>
            <update>None planned</update>
        </status>
        <keywords>
            <theme>
                <themekt>ISO 19115 Topic Categories</themekt>
                <themekey>transportation</themekey>
            </theme>
        </keywords>
        <accconst>Other Constraints</accconst>
        <useconst>None</useconst>
        <native>Esri ArcGIS 12.8.3.29751</native>
    </idinfo>
    <spdoinfo>
        <direct>Vector</direct>
        <ptvctinf>
            <sdtsterm>
                <sdtstype>String</sdtstype>
                <ptvctcnt>0</ptvctcnt>
            </sdtsterm>
        </ptvctinf>
    </spdoinfo>
    <eainfo>
        <detailed>
            <enttyp>
                <enttypl>BusNetworkRedesign_Routes</enttypl>
            </enttyp>
            <attr>
                <attrlabl>FID</attrlabl>
                <attrdef>Internal feature number.</attrdef>
                <attrdefs>Esri</attrdefs>
                <attrdomv>
                                        					
                    
                    <udom>Sequential unique whole numbers that are automatically generated.</udom>
                                        				
                
                </attrdomv>
            </attr>
            <attr>
                <attrlabl>Shape</attrlabl>
                <attrdef>Feature geometry.</attrdef>
                <attrdefs>Esri</attrdefs>
                <attrdomv>
                                        					
                    
                    <udom>Coordinates defining the features.</udom>
                                        				
                
                </attrdomv>
            </attr>
            <attr>
                <attrlabl>Shape_Leng</attrlabl>
            </attr>
            <attr>
                <attrlabl>shape_id</attrlabl>
            </attr>
            <attr>
                <attrlabl>route_id</attrlabl>
            </attr>
            <attr>
                <attrlabl>agency_id</attrlabl>
            </attr>
            <attr>
                <attrlabl>route_shor</attrlabl>
            </attr>
            <attr>
                <attrlabl>route_long</attrlabl>
            </attr>
            <attr>
                <attrlabl>route_desc</attrlabl>
            </attr>
            <attr>
                <attrlabl>route_type</attrlabl>
            </attr>
            <attr>
                <attrlabl>route_url</attrlabl>
            </attr>
            <attr>
                <attrlabl>route_colo</attrlabl>
            </attr>
            <attr>
                <attrlabl>route_text</attrlabl>
            </attr>
            <attr>
                <attrlabl>route_sort</attrlabl>
            </attr>
            <attr>
                <attrlabl>route_fare</attrlabl>
            </attr>
            <attr>
                <attrlabl>line_id</attrlabl>
            </attr>
            <attr>
                <attrlabl>listed_rou</attrlabl>
            </attr>
            <attr>
                <attrlabl>route_ty_1</attrlabl>
            </attr>
        </detailed>
    </eainfo>
    <metainfo>
        <metd>20220524</metd>
        <metc>
            <cntinfo>
                <!--no contact person or organization name available-->
            </cntinfo>
        </metc>
        <metstdn>FGDC Content Standard for Digital Geospatial Metadata</metstdn>
        <metstdv>FGDC-STD-001-1998</metstdv>
        <mettc>local time</mettc>
    </metainfo>
</metadata>
